,Country Name,Country Code,Year,"Agriculture, value added (% of GDP)",Consumer price index (2010 = 100),Employment in agriculture (% of total employment) (modeled ILO estimate),GDP growth (annual %),ICT goods imports (% total goods imports),"Industry, value added (% of GDP)","Inflation, consumer prices (annual %)","Literacy rate, adult total (% of people ages 15 and above)","Manufacturing, value added (annual % growth)","Population, total",Rural population,"Self-employed, total (% of total employment) (modeled ILO estimate)",Tax revenue (% of GDP),"Total employment, total (ages 15+)","Unemployment, total (% of total labor force) (modeled ILO estimate)",Urban population,"Wage and salaried workers, total (% of total employment) (modeled ILO estimate)"
0,Afghanistan,AFG,2000,13.093818940636364,95.001703717767,79.16300201,4.239316643263157,7.939214514544554,22.90349948964546,4.500098998838096,88.9255150236842,3.411329332731959,20093756.0,15657457.0,79.19000244,17.515715373641306,4740034.0,11.18400002,4436299.0,20.80999947
1,Afghanistan,AFG,2002,37.93882062,95.001703717767,74.50700378,4.239316643263157,7.939214514544554,23.38548244,4.500098998838096,88.9255150236842,3.411329332731959,21979923.0,17086972.0,77.65399933,17.515715373641306,5419156.0,8.690999985,4892951.0,22.34600067
2,Afghanistan,AFG,2004,29.39119563,63.13189273,71.6989975,1.055555787,7.939214514544554,25.93558204,4.500098998838096,88.9255150236842,4.153036351,24118979.0,18692209.0,75.05599976,17.515715373641306,5980296.0,10.0010004,5426770.0,24.94400024
3,Afghanistan,AFG,2006,28.28973831,76.30217768,70.60500336,5.554137623,7.939214514544554,27.86972021,7.254895561,88.9255150236842,3.194615023,25893450.0,19962037.0,74.0059967,6.883364339,6487677.0,9.05700016,5931413.0,25.99399948
4,Afghanistan,AFG,2008,24.69382301,108.0666,67.2460022,3.611368392,0.48669731,26.70104173,30.55494061,88.9255150236842,2.346243086,27294031.0,20929063.0,72.31999969,6.039428306,6743809.0,8.755000114,6364968.0,27.68000031
5,Afghanistan,AFG,2010,26.07825278,100.0,64.49900055,8.433290482,0.374311714,21.04463784,0.892536936,88.9255150236842,3.840390139,28803167.0,21966159.0,68.46199799,9.123651121,7159144.0,7.821000099,6837008.0,31.53800011
6,Afghanistan,AFG,2012,23.64363865,118.1563,61.68299866,14.43474129,0.150415083,20.99520665,7.218257761,88.9255150236842,7.316250792,30696958.0,23280573.0,66.65799713,7.471638846,7881429.0,7.93599987,7416385.0,33.34199905
7,Afghanistan,AFG,2014,22.00929802,133.0570866,61.63000107,2.690521948,0.085954045,21.12375692,4.604334009,88.9255150236842,-1.834143988,32758020.0,24703806.0,66.63600159,6.842385662,8734840.0,8.706000328,8054214.0,33.36399841
8,Afghanistan,AFG,2016,20.96589761,137.9045637,61.34899902,2.366711916,0.262056153,21.70399519,2.169452176,88.9255150236842,0.997972096,34656032.0,25985093.0,67.2480011,17.515715373641306,9618882.0,8.840999603,8670939.0,32.7519989
9,Austria,AUT,2000,1.647300213,82.60190712,6.051000118,3.375721973,9.221149236,28.28480203,2.395185512,88.9255150236842,6.464743246,8011566.0,3187562.0,13.54599953,26.22507988,3716271.0,4.690000057,4824004.0,86.45400238
10,Austria,AUT,2002,1.562774411,86.32587638,5.758999825,1.651549407,8.542787247,27.38807848,1.802101999,88.9255150236842,-1.349644318,8081957.0,3260666.0,13.54399967,26.97550032,3780207.0,4.849999905,4821291.0,86.45600128
11,Austria,AUT,2004,1.476474393,89.29954476,4.90199995,2.735118518,7.366109971,27.37376782,2.061228151,88.9255150236842,3.028746696,8171966.0,3342824.0,12.59399986,26.30867249,3664377.0,5.829999924,4829142.0,87.40599823
12,Austria,AUT,2006,1.303189459,92.66955683,5.243999958,3.454041032,6.925957045,27.25937083,1.449618451,88.9255150236842,7.927478571,8268641.0,3428840.0,13.08399963,25.05044256,3860975.0,5.239999771,4839801.0,86.91600037
13,Austria,AUT,2008,1.342223027,97.72398234,5.251999855,1.460425193,5.687564304,26.96021414,3.21592066,88.9255150236842,1.087502315,8321496.0,3497858.0,13.57800007,26.07751972,4035613.0,4.130000114,4823638.0,86.42199707
14,Austria,AUT,2010,1.267327672,100.0,5.212999821,1.837094592,5.796071812,25.53499425,1.813535031,88.9255150236842,8.118824132,8363404.0,3562894.0,13.85099983,25.28163551,4070427.0,4.820000172,4800510.0,86.14900208
15,Austria,AUT,2012,1.34855139,105.8539492,4.675000191,0.680444374,5.141428996,25.63396853,2.485675087,88.9255150236842,2.038548135,8429991.0,3612504.0,13.11299992,25.92819764,4140342.0,4.869999886,4817487.0,86.88700104
16,Austria,AUT,2014,1.200945336,109.7050023,4.836999893,0.828733875,5.254426709,25.36241984,1.605805605,88.9255150236842,2.529414206,8546356.0,3629979.0,13.32900047,26.42451741,4164050.0,5.619999886,4916377.0,86.67099762
17,Austria,AUT,2016,1.101588998,111.6754703,4.34800005,1.450915438,7.44942589,24.7109938,0.891590693,88.9255150236842,1.291329875,8736668.0,3677700.0,12.75,25.66657247,4262611.0,6.010000229,5058968.0,87.25
18,Canada,CAN,2000,13.093818940636364,81.89038351,3.288000107,5.182690286,13.08853947,22.90349948964546,2.719439957,88.9255150236842,3.411329332731959,30769700.0,6314558.0,16.17200089,14.90738221,15126383.0,6.829999924,24455142.0,83.82800293
19,Canada,CAN,2002,13.093818940636364,85.85432169,2.767999887,3.010016308,9.566660803,22.90349948964546,2.258394409,88.9255150236842,3.411329332731959,31362000.0,6307525.0,15.23900032,13.42525802,15646673.0,7.659999847,25054475.0,84.76100159
20,Canada,CAN,2004,13.093818940636364,89.86119061,2.640000105,3.085961209,9.330763337,22.90349948964546,1.857258719,88.9255150236842,3.411329332731959,31995000.0,6384602.0,15.47000027,13.39032045,16319465.0,7.190000057,25610398.0,84.52999878
21,Canada,CAN,2006,13.093818940636364,93.68918145,2.655999899,2.623412623,8.763457412,22.90349948964546,2.002025395,88.9255150236842,3.411329332731959,32570505.0,6444726.0,15.31000042,13.38728474,16779839.0,6.320000172,26125779.0,84.69000244
22,Canada,CAN,2008,1.597654579,97.96078993,2.384000063,1.000360973,7.944421085,29.72001721,2.370270674,88.9255150236842,-5.308407515,33245773.0,6456994.0,15.62199974,12.42102627,17433060.0,6.139999866,26788779.0,84.37799835
23,Canada,CAN,2010,1.33166399,100.0,2.313999891,3.08351422,8.430069514,26.71311708,1.776871541,88.9255150236842,4.773826325,34005274.0,6482425.0,15.85299969,11.76044487,17388923.0,8.06000042,27522849.0,84.14700317
24,Canada,CAN,2012,1.647293626,104.4719519,2.191999912,1.745472283,7.322609116,27.0335658,1.515678231,88.9255150236842,1.565772389,34750545.0,6554995.0,15.39900017,11.69256444,17859686.0,7.289999962,28195550.0,84.60099792
25,Canada,CAN,2014,1.424795747,107.4627934,2.061000109,2.855739204,6.875144007,27.5332382,1.906635907,88.9255150236842,2.854904484,35535348.0,6674249.0,15.34500027,11.83636656,18246655.0,6.909999847,28861099.0,84.65499878
26,Canada,CAN,2016,13.093818940636364,110.2246709,1.947999954,1.414102746,7.073490373,22.90349948964546,1.428759547,88.9255150236842,0.481523908,36264604.0,6781481.0,15.35499954,12.17584227,18531444.0,7.0,29483123.0,84.64499664
27,Chile,CHL,2000,5.377918724,73.67326509,14.43700027,5.326938419,10.19168294,31.42229659,3.843273473,88.9255150236842,6.204629872,15262754.0,2125644.0,30.60099983,16.15269282,5504900.0,9.159999847,13137110.0,69.39900208
28,Chile,CHL,2002,4.435255293,78.20221504,13.49800014,3.106970532,8.568338204,31.96600263,2.489398331,95.7166214,2.282044762,15623635.0,2092630.0,31.54000092,16.20169514,5682529.0,8.93999958,13531005.0,68.45999908
29,Chile,CHL,2004,4.06381132,81.24784521,13.3579998,7.209539709,8.260318335,36.00056642,1.054739332,88.9255150236842,6.600785693,15973778.0,2120519.0,31.86000061,16.40223152,6091721.0,8.81000042,13853259.0,68.13999939
30,Chile,CHL,2006,3.87711014,86.56806614,12.84599972,6.317176343,5.579954664,41.10698791,3.392018991,88.9255150236842,5.141347382,16319792.0,2147358.0,28.97400093,19.49190685,6404364.0,7.690000057,14172434.0,71.02600098
31,Chile,CHL,2008,3.710723945,98.2619073,11.7159996,3.529530553,6.172543608,34.23929362,8.716268548,98.6490097,1.264355069,16661942.0,2172884.0,27.27000046,18.71185961,6883776.0,7.800000191,14489058.0,72.73000336
32,Chile,CHL,2010,3.615889645,100.0,10.60499954,5.844177296,7.868395617,35.69509452,1.409964751,88.9255150236842,3.268086553,16993354.0,2196561.0,27.42399979,17.3565144,7331269.0,8.420000076,14796793.0,72.5759964
33,Chile,CHL,2012,3.304780976,106.4472654,9.982000351,5.318628,7.174044688,32.53911802,3.006520356,88.9255150236842,3.330944501,17309746.0,2217552.0,26.35099983,18.99486687,7821153.0,6.659999847,15092194.0,73.64900208
34,Chile,CHL,2014,3.928128427,113.2683695,9.402000427,1.766739784,7.071951762,30.84802501,4.395,88.9255150236842,-0.709774342,17613798.0,2236424.0,27.14699936,16.96739149,8065175.0,6.659999847,15377374.0,72.85299683
35,Chile,CHL,2016,4.025773343,122.6698774,9.479999542,1.265867603,9.199359059,28.9295377,3.786661771,88.9255150236842,-2.359767475,17909754.0,2252689.0,27.82600021,17.41744114,8245663.0,6.739999771,15657065.0,72.1740036
36,Cuba,CUB,2000,6.601255014,95.001703717767,27.11899948,5.914760019,4.444167958,25.53508215,4.500098998838096,88.9255150236842,5.146367591,11150736.0,2751667.0,24.82500076,17.515715373641306,4279235.0,5.449999809,8399069.0,75.17500305
37,Cuba,CUB,2002,5.945728703,95.001703717767,21.65600014,1.424821261,5.433802828,23.70134413,4.500098998838096,99.79907227,0.15060871,11217998.0,2716438.0,26.22500038,17.515715373641306,4447697.0,3.309999943,8501560.0,73.77500153
38,Cuba,CUB,2004,5.47443918,95.001703717767,21.16500092,5.77053807,4.465708263,22.0396304,4.500098998838096,88.9255150236842,2.480342645,11266941.0,2699446.0,27.59399986,17.515715373641306,4611772.0,1.850000024,8567495.0,72.40599823
39,Cuba,CUB,2006,3.405014523,95.001703717767,20.02099991,12.06586298,2.053227396,22.20473695,4.500098998838096,88.9255150236842,5.30512994,11296233.0,2685453.0,26.17499924,17.515715373641306,4810918.0,1.899999976,8610780.0,73.82499695
40,Cuba,CUB,2008,3.817038695,95.001703717767,18.5739994,4.116828042,7.939214514544554,22.38649614,4.500098998838096,88.9255150236842,4.869208412,11309754.0,2667632.0,26.06200027,17.515715373641306,4997761.0,1.580000043,8642122.0,73.93800354
41,Cuba,CUB,2010,3.614289268,95.001703717767,18.60099983,2.390352297,7.939214514544554,22.89360776,4.500098998838096,88.9255150236842,1.598062954,11333051.0,2652274.0,20.95499992,17.515715373641306,5063656.0,2.5,8680777.0,79.04499817
42,Cuba,CUB,2012,3.850097756,95.001703717767,19.26099968,3.014900289,7.939214514544554,23.36719487,4.500098998838096,99.75253296,2.033639144,11382146.0,2642820.0,29.95999908,17.515715373641306,5047285.0,3.460000038,8739326.0,70.04000092
43,Cuba,CUB,2014,3.93770589,95.001703717767,18.89999962,1.047576632,7.939214514544554,22.15207529,4.500098998838096,88.9255150236842,-3.883495146,11439767.0,2647048.0,34.52500153,17.515715373641306,5101727.0,2.700000048,8792719.0,65.47499847
44,Cuba,CUB,2016,13.093818940636364,95.001703717767,18.25099945,4.239316643263157,7.939214514544554,22.90349948964546,4.500098998838096,88.9255150236842,3.411329332731959,11475982.0,2647509.0,34.59700012,17.515715373641306,5108302.0,2.489000082,8828473.0,65.40299988
45,Georgia,GEO,2000,20.60208468,54.90346725,52.16899872,1.838341787,6.113559724,20.9980184,4.063962014,88.9255150236842,3.411329332731959,4418300.0,2092595.0,62.23799896,7.651756514,1936607.0,10.81999969,2325705.0,37.76200104
46,Georgia,GEO,2002,19.2410233,60.66475991,53.77299881,5.473838085,5.586985236,22.73693654,5.5878373,99.65235138,3.411329332731959,4357000.0,2072146.0,64.48699951,7.616657989,1906867.0,12.59000015,2284854.0,35.51300049
47,Georgia,GEO,2004,16.39492064,64.63311236,54.00099945,5.857329773,3.993785046,24.17630483,5.656326362,88.9255150236842,3.411329332731959,4245000.0,1985896.0,66.27600098,9.927429099,1885936.0,12.61999989,2259104.0,33.72399902
48,Georgia,GEO,2006,11.19910315,76.3728585,55.30799866,9.383276297,6.043766268,21.71413568,9.161060064,88.9255150236842,3.411329332731959,4136000.0,1902891.0,68.95800018,15.44823911,1834288.0,13.57999992,2233109.0,31.04199982
49,Georgia,GEO,2008,8.131430721,91.77635833,50.32099915,2.314047429,6.964979222,18.94396215,9.999415709,88.9255150236842,-2.363396707,4030000.0,1822970.0,64.24500275,23.80935867,1747018.0,16.46999931,2207030.0,35.75500107
50,Georgia,GEO,2010,7.278747003,100.0,48.18600082,6.24941822,5.188149206,19.31634359,7.110178975,88.9255150236842,12.12335012,3926000.0,1745696.0,61.9620018,22.13912823,1746999.0,16.29999924,2180304.0,38.0379982
51,Georgia,GEO,2012,7.388350801,107.5186583,45.72600174,6.350482702,4.804323497,21.07266694,-0.943658853,88.9255150236842,9.61659097,3825000.0,1671410.0,61.38299942,24.11828496,1786897.0,15.03999996,2153590.0,38.61700058
52,Georgia,GEO,2014,7.986501753,110.25075,43.62200165,4.62333166,5.496310679,20.63855323,3.068812104,99.58618927,2.870498515,3727000.0,1600113.0,60.17699814,23.48846295,1787103.0,12.35000038,2126887.0,39.82300186
53,Georgia,GEO,2016,7.727417293,117.1127333,41.24499893,2.848973396,4.748048031,21.45031269,2.134927139,88.9255150236842,4.201247332,3719300.0,1568168.0,57.56700134,23.47094706,1795479.0,11.76000023,2151132.0,42.43299866
54,Greece,GRC,2000,5.435248174,72.20129341,17.39599991,3.919770772,7.434020985,18.74760216,3.166082521,88.9255150236842,2.691595816,10805808.0,2948257.0,42.00999832,22.47052181,4326873.0,11.25,7857551.0,57.99000168
55,Greece,GRC,2002,4.987113412,77.34619823,15.22599983,3.922871842,5.814352786,19.43872264,3.629362936,88.9255150236842,5.316107809,10902022.0,2910513.0,38.98899841,21.26687719,4384651.0,9.970000267,7991509.0,61.01100159
56,Greece,GRC,2004,4.275407422,82.3983352,12.37100029,5.060992565,6.195632184,20.34401943,2.89884797,88.9255150236842,-2.445189537,10955141.0,2840339.0,36.29999924,19.1347301,4491725.0,10.31000042,8114802.0,63.70000076
57,Greece,GRC,2006,3.201238455,88.0461775,11.72399998,5.65243372,5.673085371,19.98724266,3.19594597,88.9255150236842,-0.21582624,11020362.0,2774156.0,36.09000015,19.97920072,4593738.0,9.010000229,8246206.0,63.90999985
58,Greece,GRC,2008,2.807249826,94.35734728,11.14400005,-0.335172557,5.027014823,15.65977807,4.15279636,88.9255150236842,-6.130351738,11077841.0,2706538.0,35.05799866,20.21361262,4673477.0,7.760000229,8371303.0,64.94200134
59,Greece,GRC,2010,2.88403082,100.0,12.39599991,-5.479037108,4.825814612,13.8278424,4.712981576,88.9255150236842,-13.35871377,11121341.0,2636648.0,35.65999985,20.21400144,4493803.0,12.71000004,8484693.0,64.33999634
60,Greece,GRC,2012,3.237727235,104.8813909,13.00399971,-7.300493935,5.081312123,14.32591358,1.501519795,88.9255150236842,-7.449987321,11045011.0,2539911.0,36.72299957,23.60359707,3808204.0,24.44000053,8505100.0,63.27700043
61,Greece,GRC,2014,3.397811946,102.5516734,13.5710001,0.739777123,4.16713801,14.14760606,-1.312242411,88.9255150236842,-2.099027175,10892413.0,2428790.0,36.05799866,24.3814275,3621580.0,26.48999977,8463623.0,63.94200134
62,Greece,GRC,2016,3.457229018,99.93931825,12.37300014,-0.244314741,4.667709774,14.2339904,-0.825657581,88.9255150236842,8.534927054,10775971.0,2329011.0,34.16500092,26.69701293,3751523.0,23.54000092,8446960.0,65.83499908
63,Maldives,MDV,2000,8.760953095,95.001703717767,16.50600052,3.845810392,5.61745535,15.03656241,-1.174756812,88.9255150236842,4.515161028,280384.0,202701.0,68.55000305,13.79611004,88434.0,1.970000029,77683.0,31.45000076
64,Maldives,MDV,2002,6.224264936,95.001703717767,15.27600002,7.268386313,5.922675121,12.61926929,4.178672399,88.9255150236842,3.786216071,294341.0,205915.0,38.78099823,9.507925449,104549.0,2.584000111,88426.0,61.21900177
65,Maldives,MDV,2004,5.584199425,95.001703717767,14.8760004,6.033754049,6.249852995,11.05881252,-1.685412125,88.9255150236842,0.563789765,310423.0,209567.0,36.08599854,10.48943585,123965.0,3.210999966,100856.0,63.91400146
66,Maldives,MDV,2006,6.595158404,75.31995194,11.96800041,26.1114935,7.140865238,9.517634289,2.738421316,98.39790344,14.39374667,327371.0,213466.0,37.0890007,11.75644071,145155.0,3.476000071,113905.0,62.9109993
67,Maldives,MDV,2008,6.875646747,90.12365293,11.13000011,9.485332661,6.16658583,11.44930718,12.04145835,88.9255150236842,4.411810384,345054.0,222180.0,28.99799919,11.57888281,157727.0,4.116000175,122874.0,71.0019989
68,Maldives,MDV,2010,5.634120626,100.0,15.04300022,7.265129068,6.495156905,9.431755806,6.149885368,88.9255150236842,6.587218378,364511.0,231705.0,28.99399948,8.84762793,171270.0,4.577000141,132806.0,71.0059967
69,Maldives,MDV,2012,5.190604789,123.3851871,11.30099964,2.517383942,4.26583207,9.790791627,10.88469566,88.9255150236842,1.294646181,386203.0,242277.0,27.50300026,17.515715373641306,184582.0,5.113999844,143926.0,72.49700165
70,Maldives,MDV,2014,5.307186336,130.7960854,8.112000465,7.329606386,4.37331176,8.413910755,2.12011311,98.61012268,-1.064955026,408247.0,252680.0,26.98500061,19.46368533,198111.0,5.210000038,155567.0,73.01499939
71,Maldives,MDV,2016,5.880880875,132.7063701,7.644999981,6.163158257,4.621774468,9.693743874,0.502509414,88.9255150236842,8.543863353,427756.0,261128.0,26.08300018,17.515715373641306,203157.0,5.027999878,166628.0,73.91699982
72,Malta,MLT,2000,1.990944049,78.83525752,2.04399991,6.770193911,42.36670855,26.63541833,2.369592875,88.9255150236842,3.411329332731959,390087.0,29771.0,13.3739996,45.91492891,146336.0,6.320000172,360316.0,86.62599945
73,Malta,MLT,2002,2.216499198,82.92057513,2.342000008,2.982818376,30.56007501,24.33293929,2.188490481,88.9255150236842,3.411329332731959,395969.0,28094.0,15.85400009,51.21400714,149206.0,6.900000095,367875.0,84.14600372
74,Malta,MLT,2004,2.027859961,86.34606898,2.255000114,0.443412531,26.77633967,21.82979947,2.790828481,88.9255150236842,3.411329332731959,401268.0,26456.0,15.41800022,55.34448959,146818.0,7.320000172,374812.0,84.58200073
75,Malta,MLT,2006,1.940179351,91.40996332,2.032999992,1.828716884,28.77382256,19.45006591,2.773264171,88.9255150236842,3.411329332731959,405308.0,25194.0,13.92800045,60.21603875,152060.0,6.800000191,380114.0,86.0719986
76,Malta,MLT,2008,1.223750551,96.49359407,1.786999941,3.346512731,19.01325342,19.36626038,4.256736946,88.9255150236842,3.411329332731959,409379.0,24853.0,13.80799961,26.13144713,159495.0,5.980000019,384526.0,86.19200134
77,Malta,MLT,2010,1.456170922,100.0,1.337000012,3.542683214,15.43483686,17.63618456,1.516833766,88.9255150236842,3.411329332731959,414508.0,24572.0,14.45800018,26.13967725,164086.0,6.849999905,389936.0,85.54199982
78,Malta,MLT,2012,1.308785122,105.2053353,1.06400001,2.712807322,10.88151475,15.24398421,2.417624644,88.9255150236842,3.411329332731959,420028.0,24315.0,13.57900047,26.39670471,173215.0,6.309999943,395713.0,86.42099762
79,Malta,MLT,2014,1.136066658,106.9840304,1.338000059,8.114239586,6.859542488,13.76305701,0.311500058,88.9255150236842,3.411329332731959,434558.0,24566.0,13.89700031,26.85873558,187921.0,5.800000191,409992.0,86.10299683
80,Malta,MLT,2016,1.161707219,108.8508695,1.348999977,5.230584947,5.844034093,12.51473124,0.577054664,88.9255150236842,3.411329332731959,455356.0,25136.0,13.62800026,26.24297077,202801.0,4.699999809,430220.0,86.37200165
81,Mexico,MEX,2000,3.323086312,63.31281058,17.66699982,4.942453715,17.90066426,34.20970569,9.495019139,90.53562164,6.48042406,101719673.0,25712699.0,36.15599823,9.572861438,39303835.0,2.559999943,76006974.0,63.84400177
82,Mexico,MEX,2002,3.278281855,70.73231945,17.52400017,-0.039844481,17.29867231,32.71035765,5.031089531,90.27465057,-2.4014407,104355608.0,25708004.0,37.0320015,17.515715373641306,40385267.0,2.869999886,78647604.0,62.96900177
83,Mexico,MEX,2004,3.339190436,77.4154495,15.97099972,3.92059081,18.40980629,32.85106005,4.688282872,90.95374298,3.349339381,106995583.0,25682150.0,36.70100021,17.515715373641306,42120476.0,3.660000086,81313433.0,63.29899979
84,Mexico,MEX,2006,3.07582586,83.42464774,14.20899963,4.495077894,17.54099669,34.1952791,3.629463226,91.73451996,4.666438277,110092378.0,25744002.0,34.73799896,17.515715373641306,44749779.0,3.569999933,84348376.0,65.26200104
85,Mexico,MEX,2008,3.160378789,91.17907483,13.07900047,1.14358458,16.11243204,34.75619249,5.124981692,92.92559814,-1.372781443,113661809.0,25889887.0,33.58300018,10.02376764,46597412.0,3.900000095,87771922.0,66.41699982
86,Mexico,MEX,2010,3.219154517,100.0,13.8579998,5.118118143,19.22545736,32.36191087,4.156727837,93.06893921,8.70891769,117318941.0,26027207.0,33.38600159,10.11091344,47849220.0,5.329999924,91291734.0,66.61399841
87,Mexico,MEX,2012,3.173924884,107.6589801,13.51099968,3.642322679,16.50742282,33.77646564,4.111508546,94.22840118,3.939834342,120828307.0,26092873.0,32.94499969,9.773015348,50754677.0,4.920000076,94735434.0,67.05500031
88,Mexico,MEX,2014,3.135260044,116.2479826,13.6239996,2.845283745,16.33825402,31.49477235,4.018617202,94.55587769,3.986731224,124221600.0,26095232.0,32.18600082,10.6334131,52187622.0,4.829999924,98126368.0,67.81400299
89,Mexico,MEX,2016,3.353176427,122.7800934,12.9289999,2.913328277,16.50849387,29.3324403,2.821707752,88.9255150236842,1.541117506,127540423.0,26047581.0,31.64699936,13.55419995,54780226.0,3.880000114,101492842.0,68.35299683
90,Nepal,NPL,2000,38.24389704,55.75350866,72.19499969,6.199999988,2.732066605,20.73557003,2.478820207,88.9255150236842,7.20062596,23740911.0,20560341.0,76.71399689,8.735981111,11799716.0,1.761999965,3180570.0,23.2859993
91,Nepal,NPL,2002,36.15029503,58.98673418,73.73200226,0.120266897,7.939214514544554,16.94682474,3.029399487,88.9255150236842,-5.324272957,24566342.0,21068095.0,83.46499634,8.560583141,12233836.0,1.703999996,3498247.0,16.53499985
92,Nepal,NPL,2004,34.67635711,64.12507041,75.61000061,4.682603245,7.939214514544554,16.65732027,2.841811312,88.9255150236842,2.152281473,25309449.0,21553274.0,83.35700226,8.9749585,12650483.0,1.524000049,3756175.0,16.64299965
93,Nepal,NPL,2006,32.36648504,73.24991764,75.86799622,3.364614788,7.939214514544554,16.06796681,6.920335807,88.9255150236842,1.99811202,25940618.0,21929680.0,82.98000336,8.77975841,13049060.0,1.424000025,4010938.0,17.02000046
94,Nepal,NPL,2008,30.30571637,82.3342843,74.05699921,6.104639142,7.939214514544554,16.04998664,9.878396059,88.9255150236842,-0.867363566,26475859.0,22211922.0,82.54799652,10.44008641,13421669.0,1.340000033,4263937.0,17.45199966
95,Nepal,NPL,2010,33.17937849,100.0,74.83100128,4.81641465,6.729447408,14.20076226,9.324000504,88.9255150236842,2.961770418,27023137.0,22491897.0,81.62200165,13.39611544,13852942.0,2.119999886,4531240.0,18.37800026
96,Nepal,NPL,2012,33.14800071,119.5597491,74.26799774,4.781192258,4.697431937,14.10206214,9.454180743,88.9255150236842,3.630465377,27649925.0,22822801.0,81.21700287,13.86216857,14539788.0,2.89199996,4827124.0,18.78300095
97,Nepal,NPL,2014,30.2671484,141.2723387,72.7559967,5.988984661,4.738785063,13.83145187,8.36797877,88.9255150236842,6.279242771,28323241.0,23173509.0,80.39900208,15.90397662,15375966.0,3.0,5149732.0,19.60099983
98,Nepal,NPL,2016,29.16985185,165.7844406,72.27500153,0.412891877,7.939214514544554,13.05536068,8.79034332,88.9255150236842,-7.998712724,28982771.0,23492855.0,80.18099976,18.73515133,16178964.0,3.062000036,5489916.0,19.81900024
99,Nigeria,NGA,2000,25.28781046,29.86922705,57.29600143,5.318093381,2.45658426,47.47653626,6.933292156,88.9255150236842,3.196686253,122352009.0,79724569.0,83.29299927,17.515715373641306,36316475.0,4.395999908,42627440.0,16.70700073
100,Nigeria,NGA,2002,47.09550069,40.07867982,60.65100098,3.784648183,4.025605797,34.12640415,12.8765792,88.9255150236842,8.840450236,128666710.0,81693068.0,86.05500031,17.515715373641306,38168002.0,4.402999878,46973642.0,13.94499969
101,Nigeria,NGA,2004,33.4409089,52.55689987,51.92200089,33.73577503,7.939214514544554,37.62079199,14.99803382,88.9255150236842,11.74920998,135393616.0,83657007.0,83.79000092,0.905461723,39913104.0,4.396999836,51736609.0,16.20999908
102,Nigeria,NGA,2006,31.7504788,67.0494057,49.56600189,8.210964859,6.282238239,36.57481563,8.239526517,88.9255150236842,9.498151616,142614094.0,85649746.0,82.83799744,2.408365272,42057203.0,4.215000153,56964348.0,17.16200066
103,Nigeria,NGA,2008,32.35888213,78.83894418,44.02399826,6.270263697,9.485816439,37.36499702,11.57798352,51.07765961,9.049035372,150347390.0,87649521.0,83.02200317,5.459098575,44359083.0,4.047999859,62697869.0,16.97800064
104,Nigeria,NGA,2010,23.52450989,100.0,30.5720005,7.839739477,6.619872132,24.92625896,13.72020184,88.9255150236842,7.679759921,158578261.0,89628433.0,82.1269989,2.268459957,46878899.0,3.898999929,68949828.0,17.87299919
105,Nigeria,NGA,2012,21.78523155,124.3822202,35.94300079,4.279277314,5.544440585,26.9804699,12.21700718,88.9255150236842,13.45925948,167297284.0,91601955.0,80.9940033,1.556757245,49482038.0,3.760999918,75695329.0,19.00600052
106,Nigeria,NGA,2014,19.99025477,145.8029225,36.77999878,6.309718596,3.915045056,24.64360859,8.057382626,88.9255150236842,14.72376438,176460502.0,93555829.0,80.66600037,17.515715373641306,51786648.0,4.559999943,82904673.0,19.33399963
107,Nigeria,NGA,2016,20.98310971,183.8530818,36.29899979,-1.61686895,3.93029187,18.17313173,15.69685447,88.9255150236842,-4.317635569,185989640.0,95444304.0,81.49500275,17.515715373641306,53303018.0,7.059999943,90545336.0,18.50499916
108,Togo,TGO,2000,35.14112169,68.12435844,41.0019989,-0.783479606,2.913394231,18.31936326,1.890047839,53.17760086,26.22950776,4970367.0,3334768.0,82.4280014,17.515715373641306,2227424.0,1.88499999,1635599.0,17.5720005
109,Togo,TGO,2002,38.19171067,74.45285075,42.81600189,-0.922151022,3.095739849,18.39279074,3.074074074,88.9255150236842,6.917529125,5251472.0,3476002.0,83.22899628,17.515715373641306,2365978.0,1.878000021,1775470.0,16.77099991
110,Togo,TGO,2004,36.23331063,70.02528229,41.42900085,2.119065316,1.962685053,17.14674946,0.391843843,88.9255150236842,-0.884473951,5534598.0,3612764.0,82.36799622,15.31041268,2505568.0,1.871000051,1921834.0,17.63199997
111,Togo,TGO,2006,35.8837052,76.7973235,41.22800064,4.052412542,7.939214514544554,18.42311541,2.226583649,56.88837051,10.51217383,5837792.0,3756678.0,82.23400116,14.81058695,2652448.0,1.863999963,2081114.0,17.76600075
112,Togo,TGO,2008,40.70809912,95.03035142,42.57500076,2.225480232,3.246873003,18.17362917,8.681967213,88.9255150236842,8.085481384,6161796.0,3907380.0,83.0510025,14.90892341,2769645.0,1.860999942,2254416.0,16.9489994
113,Togo,TGO,2010,31.03244507,100.0,38.35599899,3.99567877,3.958767104,16.17420952,1.834169331,88.9255150236842,4.51180238,6502952.0,4062199.0,80.25700378,15.70321284,2884440.0,1.860000014,2440753.0,19.74300003
114,Togo,TGO,2012,42.59993034,106.2933252,41.23199844,4.820343516,1.852121151,18.4352293,2.630773937,88.9255150236842,15.04094996,6859482.0,4215426.0,82.71499634,16.60054684,3021348.0,1.853999972,2644056.0,17.28499985
115,Togo,TGO,2014,41.96838168,108.3764209,40.18600082,5.871726319,1.931259148,17.26906812,0.186716067,88.9255150236842,-6.990753845,7228915.0,4367783.0,82.06199646,17.515715373641306,3194878.0,1.845999956,2861132.0,17.93799973
116,Togo,TGO,2016,41.38426078,111.2674093,38.96099854,5.398146189,3.08737071,16.98904433,0.854424699,88.9255150236842,2.102553709,7606374.0,4516056.0,81.44999695,21.93498858,3374667.0,1.842000008,3090318.0,18.54999924
